{
  "approach_a_resnet18_svm": {
    "accuracy": 0.968421052631579,
    "precision": 0.9690320572673513,
    "recall": 0.9698257080610021,
    "f1_score": 0.9687197646967762,
    "training_time_seconds": 40.386836528778076,
    "best_params": {
      "C": 10,
      "gamma": "scale",
      "kernel": "rbf"
    },
    "per_class_metrics": {
      "Bird-drop": {
        "precision": 1.0,
        "recall": 0.9411764705882353,
        "f1_score": 0.9696969696969697
      },
      "Clean": {
        "precision": 0.9444444444444444,
        "recall": 0.9444444444444444,
        "f1_score": 0.9444444444444444
      },
      "Dusty": {
        "precision": 0.9411764705882353,
        "recall": 1.0,
        "f1_score": 0.9696969696969697
      },
      "Electrical-damage": {
        "precision": 0.9285714285714286,
        "recall": 1.0,
        "f1_score": 0.9629629629629629
      },
      "Physical-Damage": {
        "precision": 1.0,
        "recall": 0.9333333333333333,
        "f1_score": 0.9655172413793104
      },
      "Snow-Covered": {
        "precision": 1.0,
        "recall": 1.0,
        "f1_score": 1.0
      }
    }
  },
  "approach_b_end2end_cnn": {
    "accuracy": 0.9578947368421052,
    "precision": 0.9601715686274509,
    "recall": 0.9612608932461874,
    "f1_score": 0.9601359214262439,
    "training_time_seconds": 5750.851927757263,
    "epochs_trained": 31,
    "best_val_accuracy": 0.9781818181818182,
    "per_class_metrics": {
      "Bird-drop": {
        "precision": 1.0,
        "recall": 0.9411764705882353,
        "f1_score": 0.9696969696969697
      },
      "Clean": {
        "precision": 0.9411764705882353,
        "recall": 0.8888888888888888,
        "f1_score": 0.9142857142857143
      },
      "Dusty": {
        "precision": 0.8823529411764706,
        "recall": 0.9375,
        "f1_score": 0.9090909090909091
      },
      "Electrical-damage": {
        "precision": 1.0,
        "recall": 1.0,
        "f1_score": 1.0
      },
      "Physical-Damage": {
        "precision": 0.9375,
        "recall": 1.0,
        "f1_score": 0.967741935483871
      },
      "Snow-Covered": {
        "precision": 1.0,
        "recall": 1.0,
        "f1_score": 1.0
      }
    }
  },
  "comparison": {
    "winner": "Approach A (Hybrid)",
    "accuracy_difference": 0.010526315789473717,
    "published_benchmark": 0.955,
    "target_achieved": true
  }
}